{
  "atl": "atlanta",
  "the a": "atlanta",
  "hotlanta": "atlanta",
  "atlanta": "atlanta",
  "berlin": "berlin",
  "bed-stuy": "brooklyn-bed-stuy",
  "do or die": "brooklyn-bed-stuy",
  "bedford-stuyvesant": "brooklyn-bed-stuy",
  "chiraq": "chicago-south-side",
  "south side": "chicago-south-side",
  "south side chicago": "chicago-south-side",
  "cpt": "compton",
  "hub city": "compton",
  "compton": "compton",
  "8 mile": "detroit-8-mile",
  "8 mile road": "detroit-8-mile",
  "dubai": "dubai",
  "the mecca": "harlem",
  "uptown": "harlem",
  "harlem": "harlem",
  "hollywood": "hollywood",
  "hong kong": "hong-kong",
  "houston": "houston",
  "ibiza": "ibiza",
  "kingston": "kingston",
  "las vegas": "las-vegas",
  "brix": "london-brixton",
  "sw9": "london-brixton",
  "brixton": "london-brixton",
  "marcy projects": "marcy-houses",
  "marcy": "marcy-houses",
  "marcy houses": "marcy-houses",
  "memphis": "memphis",
  "miami": "miami",
  "new orleans": "new-orleans",
  "bx": "new-york-city-bronx",
  "the bronx": "new-york-city-bronx",
  "paris": "paris",
  "the bridge": "queensbridge",
  "qb": "queensbridge",
  "queensbridge houses": "queensbridge",
  "red light district": "red-light-district",
  "rio de janeiro": "rio-de-janeiro",
  "san francisco": "san-francisco",
  "seoul": "seoul",
  "south central": "south-central-la",
  "south central los angeles": "south-central-la",
  "studio 54": "studio-54",
  "the louvre": "the-louvre",
  "times square": "times-square",
  "shibuya crossing": "tokyo-shibuya",
  "shibuya": "tokyo-shibuya",
  "toronto": "toronto"
}